-- phpMyAdmin SQL Dump
-- version 4.9.2
-- https://www.phpmyadmin.net/
--
-- Host: 127.0.0.1
-- Generation Time: Feb 04, 2020 at 02:42 PM
-- Server version: 10.4.11-MariaDB
-- PHP Version: 7.2.26

SET SQL_MODE = "NO_AUTO_VALUE_ON_ZERO";
SET AUTOCOMMIT = 0;
START TRANSACTION;
SET time_zone = "+00:00";


/*!40101 SET @OLD_CHARACTER_SET_CLIENT=@@CHARACTER_SET_CLIENT */;
/*!40101 SET @OLD_CHARACTER_SET_RESULTS=@@CHARACTER_SET_RESULTS */;
/*!40101 SET @OLD_COLLATION_CONNECTION=@@COLLATION_CONNECTION */;
/*!40101 SET NAMES utf8mb4 */;

--
-- Database: `webservice`
--

-- --------------------------------------------------------

--
-- Table structure for table `ajar_dosen`
--

CREATE TABLE `ajar_dosen` (
  `id_ajar` int(11) NOT NULL,
  `id_reg_ptk` int(11) NOT NULL,
  `id_subst` int(11) NOT NULL,
  `id_kls` int(11) NOT NULL,
  `sks_subst_tot` int(5) NOT NULL,
  `sks_tm_subst` int(5) NOT NULL,
  `sks_prak_subst` int(5) NOT NULL,
  `sks_prak_lap_subst` int(5) NOT NULL,
  `sks_sim_subst` int(5) NOT NULL,
  `jml_tm_renc` int(2) NOT NULL,
  `jml_tm_real` int(2) NOT NULL,
  `id_jns_eval` int(11) NOT NULL
) ENGINE=InnoDB DEFAULT CHARSET=latin1;

--
-- Dumping data for table `ajar_dosen`
--

INSERT INTO `ajar_dosen` (`id_ajar`, `id_reg_ptk`, `id_subst`, `id_kls`, `sks_subst_tot`, `sks_tm_subst`, `sks_prak_subst`, `sks_prak_lap_subst`, `sks_sim_subst`, `jml_tm_renc`, `jml_tm_real`, `id_jns_eval`) VALUES
(123001, 2001, 0, 6001, 16, 16, 0, 0, 0, 16, 16, 0),
(123002, 2010, 0, 6002, 16, 16, 0, 0, 0, 16, 16, 0),
(123003, 2020, 0, 6003, 16, 16, 0, 0, 0, 16, 16, 0),
(123004, 2017, 0, 6004, 16, 16, 0, 0, 0, 16, 16, 0),
(123005, 2003, 0, 6005, 16, 16, 0, 0, 0, 16, 16, 0),
(123006, 2008, 0, 6006, 16, 16, 16, 0, 0, 16, 16, 0),
(123007, 2040, 0, 6009, 12, 12, 0, 0, 0, 12, 12, 0),
(123008, 2035, 0, 6008, 12, 12, 0, 0, 0, 12, 12, 0),
(123009, 2036, 0, 6007, 12, 12, 0, 0, 0, 12, 12, 0);

-- --------------------------------------------------------

--
-- Table structure for table `dosen`
--

CREATE TABLE `dosen` (
  `id_ptk` char(10) NOT NULL,
  `id_ikatan_kerja` char(1) NOT NULL,
  `nm_ptk` varchar(50) NOT NULL,
  `nidn` char(10) NOT NULL,
  `nip` varchar(18) NOT NULL,
  `jk` char(1) NOT NULL,
  `tmpt_lahir` varchar(20) NOT NULL,
  `tgl_lahir` date NOT NULL,
  `nik` char(16) NOT NULL,
  `niy_nigk` varchar(30) NOT NULL,
  `nuptk` char(16) NOT NULL,
  `id_stat_pegawai` varchar(16) NOT NULL,
  `id_jns_ptk` int(2) NOT NULL,
  `id_bid_pengawas` varchar(32) NOT NULL,
  `id_agama` varchar(16) NOT NULL,
  `jln` varchar(80) NOT NULL,
  `rt` int(2) NOT NULL,
  `rw` int(2) NOT NULL,
  `nm_dsn` varchar(40) NOT NULL,
  `ds_kel` varchar(40) NOT NULL,
  `id_wil` char(10) NOT NULL,
  `kode_pos` char(10) NOT NULL,
  `no_tlp_rmh` varchar(20) NOT NULL,
  `no_hp` varchar(20) NOT NULL,
  `email` varchar(50) NOT NULL,
  `id_sp` char(10) NOT NULL,
  `id_stat_aktif` int(2) NOT NULL,
  `sk_cpns` varchar(40) NOT NULL,
  `tgl_sk_cpns` date NOT NULL,
  `sk_angkat` varchar(40) NOT NULL,
  `tmt_sk_angkat` date NOT NULL,
  `id_lemb_angkat` int(2) NOT NULL,
  `id_pangkat_gol` int(2) NOT NULL,
  `id_keahlian_lab` int(2) NOT NULL,
  `id_sumber_gaji` int(2) NOT NULL,
  `nm_ibu_kandung` varchar(50) NOT NULL,
  `stat_kawin` int(1) NOT NULL,
  `nm_suami_istri` varchar(50) NOT NULL,
  `nip_suami_istri` char(18) NOT NULL,
  `id_pekerjaan_suami_istri` varchar(32) NOT NULL,
  `tmt_pns` date NOT NULL,
  `a_lisensi_kepsek` int(1) NOT NULL,
  `jml_sekolah_binaan` varchar(16) NOT NULL,
  `a_diklat_awas` int(1) NOT NULL,
  `akta_ijin_ajar` varchar(1) NOT NULL,
  `nira` char(30) NOT NULL,
  `stat_data` varchar(32) NOT NULL,
  `mampu_handle_kk` varchar(32) NOT NULL,
  `a_braille` int(1) NOT NULL,
  `a_bhs_isyarat` int(1) NOT NULL,
  `npwp` varchar(15) NOT NULL,
  `kewarganegaraan` varchar(3) NOT NULL
) ENGINE=InnoDB DEFAULT CHARSET=latin1;

--
-- Dumping data for table `dosen`
--

INSERT INTO `dosen` (`id_ptk`, `id_ikatan_kerja`, `nm_ptk`, `nidn`, `nip`, `jk`, `tmpt_lahir`, `tgl_lahir`, `nik`, `niy_nigk`, `nuptk`, `id_stat_pegawai`, `id_jns_ptk`, `id_bid_pengawas`, `id_agama`, `jln`, `rt`, `rw`, `nm_dsn`, `ds_kel`, `id_wil`, `kode_pos`, `no_tlp_rmh`, `no_hp`, `email`, `id_sp`, `id_stat_aktif`, `sk_cpns`, `tgl_sk_cpns`, `sk_angkat`, `tmt_sk_angkat`, `id_lemb_angkat`, `id_pangkat_gol`, `id_keahlian_lab`, `id_sumber_gaji`, `nm_ibu_kandung`, `stat_kawin`, `nm_suami_istri`, `nip_suami_istri`, `id_pekerjaan_suami_istri`, `tmt_pns`, `a_lisensi_kepsek`, `jml_sekolah_binaan`, `a_diklat_awas`, `akta_ijin_ajar`, `nira`, `stat_data`, `mampu_handle_kk`, `a_braille`, `a_bhs_isyarat`, `npwp`, `kewarganegaraan`) VALUES
('1001', '', 'Mivy', '', '', '', '', '0000-00-00', '', '', '', '', 0, '', '', '', 0, 0, '', '', '', '', '', '', '', '', 0, '', '0000-00-00', '', '0000-00-00', 0, 0, 0, 0, '', 0, '', '', '', '0000-00-00', 0, '', 0, '', '', '', '', 0, 0, '', ''),
('1002', '', 'Aliah', '', '', '', '', '0000-00-00', '', '', '', '', 0, '', '', '', 0, 0, '', '', '', '', '', '', '', '', 0, '', '0000-00-00', '', '0000-00-00', 0, 0, 0, 0, '', 0, '', '', '', '0000-00-00', 0, '', 0, '', '', '', '', 0, 0, '', ''),
('1003', '', 'Imam', '', '', '', '', '0000-00-00', '', '', '', '', 0, '', '', '', 0, 0, '', '', '', '', '', '', '', '', 0, '', '0000-00-00', '', '0000-00-00', 0, 0, 0, 0, '', 0, '', '', '', '0000-00-00', 0, '', 0, '', '', '', '', 0, 0, '', ''),
('1004', '', 'Win', '', '', '', '', '0000-00-00', '', '', '', '', 0, '', '', '', 0, 0, '', '', '', '', '', '', '', '', 0, '', '0000-00-00', '', '0000-00-00', 0, 0, 0, 0, '', 0, '', '', '', '0000-00-00', 0, '', 0, '', '', '', '', 0, 0, '', ''),
('1005', '', 'Reksa', '', '', '', '', '0000-00-00', '', '', '', '', 0, '', '', '', 0, 0, '', '', '', '', '', '', '', '', 0, '', '0000-00-00', '', '0000-00-00', 0, 0, 0, 0, '', 0, '', '', '', '0000-00-00', 0, '', 0, '', '', '', '', 0, 0, '', ''),
('1006', '', 'Marjo', '', '', '', '', '0000-00-00', '', '', '', '', 0, '', '', '', 0, 0, '', '', '', '', '', '', '', '', 0, '', '0000-00-00', '', '0000-00-00', 0, 0, 0, 0, '', 0, '', '', '', '0000-00-00', 0, '', 0, '', '', '', '', 0, 0, '', ''),
('1007', '', 'Hatoli', '', '', '', '', '0000-00-00', '', '', '', '', 0, '', '', '', 0, 0, '', '', '', '', '', '', '', '', 0, '', '0000-00-00', '', '0000-00-00', 0, 0, 0, 0, '', 0, '', '', '', '0000-00-00', 0, '', 0, '', '', '', '', 0, 0, '', ''),
('1008', '', 'Didi', '', '', '', '', '0000-00-00', '', '', '', '', 0, '', '', '', 0, 0, '', '', '', '', '', '', '', '', 0, '', '0000-00-00', '', '0000-00-00', 0, 0, 0, 0, '', 0, '', '', '', '0000-00-00', 0, '', 0, '', '', '', '', 0, 0, '', ''),
('1009', '', 'Vanes', '', '', '', '', '0000-00-00', '', '', '', '', 0, '', '', '', 0, 0, '', '', '', '', '', '', '', '', 0, '', '0000-00-00', '', '0000-00-00', 0, 0, 0, 0, '', 0, '', '', '', '0000-00-00', 0, '', 0, '', '', '', '', 0, 0, '', ''),
('1010', '', 'Jaka', '', '', '', '', '0000-00-00', '', '', '', '', 0, '', '', '', 0, 0, '', '', '', '', '', '', '', '', 0, '', '0000-00-00', '', '0000-00-00', 0, 0, 0, 0, '', 0, '', '', '', '0000-00-00', 0, '', 0, '', '', '', '', 0, 0, '', ''),
('1011', '', 'Cipto', '', '', '', '', '0000-00-00', '', '', '', '', 0, '', '', '', 0, 0, '', '', '', '', '', '', '', '', 0, '', '0000-00-00', '', '0000-00-00', 0, 0, 0, 0, '', 0, '', '', '', '0000-00-00', 0, '', 0, '', '', '', '', 0, 0, '', ''),
('1012', '', 'Beby', '', '', '', '', '0000-00-00', '', '', '', '', 0, '', '', '', 0, 0, '', '', '', '', '', '', '', '', 0, '', '0000-00-00', '', '0000-00-00', 0, 0, 0, 0, '', 0, '', '', '', '0000-00-00', 0, '', 0, '', '', '', '', 0, 0, '', ''),
('1013', '', 'Wahid', '', '', '', '', '0000-00-00', '', '', '', '', 0, '', '', '', 0, 0, '', '', '', '', '', '', '', '', 0, '', '0000-00-00', '', '0000-00-00', 0, 0, 0, 0, '', 0, '', '', '', '0000-00-00', 0, '', 0, '', '', '', '', 0, 0, '', ''),
('1014', '', 'Masduki', '', '', '', '', '0000-00-00', '', '', '', '', 0, '', '', '', 0, 0, '', '', '', '', '', '', '', '', 0, '', '0000-00-00', '', '0000-00-00', 0, 0, 0, 0, '', 0, '', '', '', '0000-00-00', 0, '', 0, '', '', '', '', 0, 0, '', ''),
('1015', '', 'Ngadiono', '', '', '', '', '0000-00-00', '', '', '', '', 0, '', '', '', 0, 0, '', '', '', '', '', '', '', '', 0, '', '0000-00-00', '', '0000-00-00', 0, 0, 0, 0, '', 0, '', '', '', '0000-00-00', 0, '', 0, '', '', '', '', 0, 0, '', ''),
('1016', '', 'Yosua', '', '', '', '', '0000-00-00', '', '', '', '', 0, '', '', '', 0, 0, '', '', '', '', '', '', '', '', 0, '', '0000-00-00', '', '0000-00-00', 0, 0, 0, 0, '', 0, '', '', '', '0000-00-00', 0, '', 0, '', '', '', '', 0, 0, '', ''),
('1017', '', 'Hera', '', '', '', '', '0000-00-00', '', '', '', '', 0, '', '', '', 0, 0, '', '', '', '', '', '', '', '', 0, '', '0000-00-00', '', '0000-00-00', 0, 0, 0, 0, '', 0, '', '', '', '0000-00-00', 0, '', 0, '', '', '', '', 0, 0, '', ''),
('1018', '', 'Mustar', '', '', '', '', '0000-00-00', '', '', '', '', 0, '', '', '', 0, 0, '', '', '', '', '', '', '', '', 0, '', '0000-00-00', '', '0000-00-00', 0, 0, 0, 0, '', 0, '', '', '', '0000-00-00', 0, '', 0, '', '', '', '', 0, 0, '', ''),
('1019', '', 'Jaenuri', '', '', '', '', '0000-00-00', '', '', '', '', 0, '', '', '', 0, 0, '', '', '', '', '', '', '', '', 0, '', '0000-00-00', '', '0000-00-00', 0, 0, 0, 0, '', 0, '', '', '', '0000-00-00', 0, '', 0, '', '', '', '', 0, 0, '', ''),
('1020', '', 'Budi', '', '', '', '', '0000-00-00', '', '', '', '', 0, '', '', '', 0, 0, '', '', '', '', '', '', '', '', 0, '', '0000-00-00', '', '0000-00-00', 0, 0, 0, 0, '', 0, '', '', '', '0000-00-00', 0, '', 0, '', '', '', '', 0, 0, '', ''),
('1021', '', 'Adi', '', '', '', '', '0000-00-00', '', '', '', '', 0, '', '', '', 0, 0, '', '', '', '', '', '', '', '', 0, '', '0000-00-00', '', '0000-00-00', 0, 0, 0, 0, '', 0, '', '', '', '0000-00-00', 0, '', 0, '', '', '', '', 0, 0, '', ''),
('1022', '', 'Nuri', '', '', '', '', '0000-00-00', '', '', '', '', 0, '', '', '', 0, 0, '', '', '', '', '', '', '', '', 0, '', '0000-00-00', '', '0000-00-00', 0, 0, 0, 0, '', 0, '', '', '', '0000-00-00', 0, '', 0, '', '', '', '', 0, 0, '', ''),
('1023', '', 'Bambang', '', '', '', '', '0000-00-00', '', '', '', '', 0, '', '', '', 0, 0, '', '', '', '', '', '', '', '', 0, '', '0000-00-00', '', '0000-00-00', 0, 0, 0, 0, '', 0, '', '', '', '0000-00-00', 0, '', 0, '', '', '', '', 0, 0, '', ''),
('1024', '', 'Awid', '', '', '', '', '0000-00-00', '', '', '', '', 0, '', '', '', 0, 0, '', '', '', '', '', '', '', '', 0, '', '0000-00-00', '', '0000-00-00', 0, 0, 0, 0, '', 0, '', '', '', '0000-00-00', 0, '', 0, '', '', '', '', 0, 0, '', ''),
('1025', '', 'Jumiran', '', '', '', '', '0000-00-00', '', '', '', '', 0, '', '', '', 0, 0, '', '', '', '', '', '', '', '', 0, '', '0000-00-00', '', '0000-00-00', 0, 0, 0, 0, '', 0, '', '', '', '0000-00-00', 0, '', 0, '', '', '', '', 0, 0, '', ''),
('1026', '', 'Ipang', '', '', '', '', '0000-00-00', '', '', '', '', 0, '', '', '', 0, 0, '', '', '', '', '', '', '', '', 0, '', '0000-00-00', '', '0000-00-00', 0, 0, 0, 0, '', 0, '', '', '', '0000-00-00', 0, '', 0, '', '', '', '', 0, 0, '', ''),
('1027', '', 'Mano', '', '', '', '', '0000-00-00', '', '', '', '', 0, '', '', '', 0, 0, '', '', '', '', '', '', '', '', 0, '', '0000-00-00', '', '0000-00-00', 0, 0, 0, 0, '', 0, '', '', '', '0000-00-00', 0, '', 0, '', '', '', '', 0, 0, '', ''),
('1028', '', 'Riyanto', '', '', '', '', '0000-00-00', '', '', '', '', 0, '', '', '', 0, 0, '', '', '', '', '', '', '', '', 0, '', '0000-00-00', '', '0000-00-00', 0, 0, 0, 0, '', 0, '', '', '', '0000-00-00', 0, '', 0, '', '', '', '', 0, 0, '', ''),
('1029', '', 'Erni', '', '', '', '', '0000-00-00', '', '', '', '', 0, '', '', '', 0, 0, '', '', '', '', '', '', '', '', 0, '', '0000-00-00', '', '0000-00-00', 0, 0, 0, 0, '', 0, '', '', '', '0000-00-00', 0, '', 0, '', '', '', '', 0, 0, '', ''),
('1030', '', 'Nur', '', '', '', '', '0000-00-00', '', '', '', '', 0, '', '', '', 0, 0, '', '', '', '', '', '', '', '', 0, '', '0000-00-00', '', '0000-00-00', 0, 0, 0, 0, '', 0, '', '', '', '0000-00-00', 0, '', 0, '', '', '', '', 0, 0, '', ''),
('1031', '', 'Sri', '', '', '', '', '0000-00-00', '', '', '', '', 0, '', '', '', 0, 0, '', '', '', '', '', '', '', '', 0, '', '0000-00-00', '', '0000-00-00', 0, 0, 0, 0, '', 0, '', '', '', '0000-00-00', 0, '', 0, '', '', '', '', 0, 0, '', ''),
('1032', '', 'Linus', '', '', '', '', '0000-00-00', '', '', '', '', 0, '', '', '', 0, 0, '', '', '', '', '', '', '', '', 0, '', '0000-00-00', '', '0000-00-00', 0, 0, 0, 0, '', 0, '', '', '', '0000-00-00', 0, '', 0, '', '', '', '', 0, 0, '', ''),
('1033', '', 'Rizky', '', '', '', '', '0000-00-00', '', '', '', '', 0, '', '', '', 0, 0, '', '', '', '', '', '', '', '', 0, '', '0000-00-00', '', '0000-00-00', 0, 0, 0, 0, '', 0, '', '', '', '0000-00-00', 0, '', 0, '', '', '', '', 0, 0, '', ''),
('1034', '', 'Hendro', '', '', '', '', '0000-00-00', '', '', '', '', 0, '', '', '', 0, 0, '', '', '', '', '', '', '', '', 0, '', '0000-00-00', '', '0000-00-00', 0, 0, 0, 0, '', 0, '', '', '', '0000-00-00', 0, '', 0, '', '', '', '', 0, 0, '', ''),
('1035', '', 'Sestri', '', '', '', '', '0000-00-00', '', '', '', '', 0, '', '', '', 0, 0, '', '', '', '', '', '', '', '', 0, '', '0000-00-00', '', '0000-00-00', 0, 0, 0, 0, '', 0, '', '', '', '0000-00-00', 0, '', 0, '', '', '', '', 0, 0, '', ''),
('1036', '', 'Yulis', '', '', '', '', '0000-00-00', '', '', '', '', 0, '', '', '', 0, 0, '', '', '', '', '', '', '', '', 0, '', '0000-00-00', '', '0000-00-00', 0, 0, 0, 0, '', 0, '', '', '', '0000-00-00', 0, '', 0, '', '', '', '', 0, 0, '', ''),
('1037', '', 'Khasna', '', '', '', '', '0000-00-00', '', '', '', '', 0, '', '', '', 0, 0, '', '', '', '', '', '', '', '', 0, '', '0000-00-00', '', '0000-00-00', 0, 0, 0, 0, '', 0, '', '', '', '0000-00-00', 0, '', 0, '', '', '', '', 0, 0, '', ''),
('1038', '', 'Dewi', '', '', '', '', '0000-00-00', '', '', '', '', 0, '', '', '', 0, 0, '', '', '', '', '', '', '', '', 0, '', '0000-00-00', '', '0000-00-00', 0, 0, 0, 0, '', 0, '', '', '', '0000-00-00', 0, '', 0, '', '', '', '', 0, 0, '', ''),
('1039', '', 'Nyoman', '', '', '', '', '0000-00-00', '', '', '', '', 0, '', '', '', 0, 0, '', '', '', '', '', '', '', '', 0, '', '0000-00-00', '', '0000-00-00', 0, 0, 0, 0, '', 0, '', '', '', '0000-00-00', 0, '', 0, '', '', '', '', 0, 0, '', ''),
('1040', '', 'Aminul', '', '', '', '', '0000-00-00', '', '', '', '', 0, '', '', '', 0, 0, '', '', '', '', '', '', '', '', 0, '', '0000-00-00', '', '0000-00-00', 0, 0, 0, 0, '', 0, '', '', '', '0000-00-00', 0, '', 0, '', '', '', '', 0, 0, '', '');

-- --------------------------------------------------------

--
-- Table structure for table `dosen_pt`
--

CREATE TABLE `dosen_pt` (
  `id_reg_ptk` int(11) NOT NULL,
  `id_ptk` varchar(10) NOT NULL,
  `id_sp` int(11) NOT NULL,
  `id_thn_ajaran` int(4) NOT NULL,
  `id_sms` int(11) NOT NULL,
  `no_srt_tgs` varchar(20) NOT NULL,
  `tgl_srt_tgs` date NOT NULL,
  `tmt_srt_tgs` date NOT NULL,
  `a_sp_homebase` int(1) NOT NULL,
  `a_aktif_bln_1` int(1) NOT NULL,
  `a_aktif_bln_2` int(1) NOT NULL,
  `a_aktif_bln_3` int(1) NOT NULL,
  `a_aktif_bln_4` int(1) NOT NULL,
  `a_aktif_bln_5` int(1) NOT NULL,
  `a_aktif_bln_6` int(1) NOT NULL,
  `a_aktif_bln_7` int(1) NOT NULL,
  `a_aktif_bln_8` int(1) NOT NULL,
  `a_aktif_bln_9` int(1) NOT NULL,
  `a_aktif_bln_10` int(1) NOT NULL,
  `a_aktif_bln_11` int(1) NOT NULL,
  `a_aktif_bln_12` int(1) NOT NULL,
  `id_jns_keluar` varchar(1) NOT NULL,
  `tgl_ptk_keluar` date NOT NULL
) ENGINE=InnoDB DEFAULT CHARSET=latin1;

--
-- Dumping data for table `dosen_pt`
--

INSERT INTO `dosen_pt` (`id_reg_ptk`, `id_ptk`, `id_sp`, `id_thn_ajaran`, `id_sms`, `no_srt_tgs`, `tgl_srt_tgs`, `tmt_srt_tgs`, `a_sp_homebase`, `a_aktif_bln_1`, `a_aktif_bln_2`, `a_aktif_bln_3`, `a_aktif_bln_4`, `a_aktif_bln_5`, `a_aktif_bln_6`, `a_aktif_bln_7`, `a_aktif_bln_8`, `a_aktif_bln_9`, `a_aktif_bln_10`, `a_aktif_bln_11`, `a_aktif_bln_12`, `id_jns_keluar`, `tgl_ptk_keluar`) VALUES
(2001, '1001', 0, 0, 0, '', '0000-00-00', '0000-00-00', 0, 0, 0, 0, 0, 0, 0, 0, 0, 0, 0, 0, 0, '', '0000-00-00'),
(2002, '1002', 0, 0, 0, '', '0000-00-00', '0000-00-00', 0, 0, 0, 0, 0, 0, 0, 0, 0, 0, 0, 0, 0, '', '0000-00-00'),
(2003, '1003', 0, 0, 0, '', '0000-00-00', '0000-00-00', 0, 0, 0, 0, 0, 0, 0, 0, 0, 0, 0, 0, 0, '', '0000-00-00'),
(2004, '1004', 0, 0, 0, '', '0000-00-00', '0000-00-00', 0, 0, 0, 0, 0, 0, 0, 0, 0, 0, 0, 0, 0, '', '0000-00-00'),
(2005, '1005', 0, 0, 0, '', '0000-00-00', '0000-00-00', 0, 0, 0, 0, 0, 0, 0, 0, 0, 0, 0, 0, 0, '', '0000-00-00'),
(2006, '1006', 0, 0, 0, '', '0000-00-00', '0000-00-00', 0, 0, 0, 0, 0, 0, 0, 0, 0, 0, 0, 0, 0, '', '0000-00-00'),
(2007, '1007', 0, 0, 0, '', '0000-00-00', '0000-00-00', 0, 0, 0, 0, 0, 0, 0, 0, 0, 0, 0, 0, 0, '', '0000-00-00'),
(2008, '1008', 0, 0, 0, '', '0000-00-00', '0000-00-00', 0, 0, 0, 0, 0, 0, 0, 0, 0, 0, 0, 0, 0, '', '0000-00-00'),
(2009, '1009', 0, 0, 0, '', '0000-00-00', '0000-00-00', 0, 0, 0, 0, 0, 0, 0, 0, 0, 0, 0, 0, 0, '', '0000-00-00'),
(2010, '1010', 0, 0, 0, '', '0000-00-00', '0000-00-00', 0, 0, 0, 0, 0, 0, 0, 0, 0, 0, 0, 0, 0, '', '0000-00-00'),
(2011, '1011', 0, 0, 0, '', '0000-00-00', '0000-00-00', 0, 0, 0, 0, 0, 0, 0, 0, 0, 0, 0, 0, 0, '', '0000-00-00'),
(2012, '1012', 0, 0, 0, '', '0000-00-00', '0000-00-00', 0, 0, 0, 0, 0, 0, 0, 0, 0, 0, 0, 0, 0, '', '0000-00-00'),
(2013, '1013', 0, 0, 0, '', '0000-00-00', '0000-00-00', 0, 0, 0, 0, 0, 0, 0, 0, 0, 0, 0, 0, 0, '', '0000-00-00'),
(2014, '1014', 0, 0, 0, '', '0000-00-00', '0000-00-00', 0, 0, 0, 0, 0, 0, 0, 0, 0, 0, 0, 0, 0, '', '0000-00-00'),
(2015, '1015', 0, 0, 0, '', '0000-00-00', '0000-00-00', 0, 0, 0, 0, 0, 0, 0, 0, 0, 0, 0, 0, 0, '', '0000-00-00'),
(2016, '1016', 0, 0, 0, '', '0000-00-00', '0000-00-00', 0, 0, 0, 0, 0, 0, 0, 0, 0, 0, 0, 0, 0, '', '0000-00-00'),
(2017, '1017', 0, 0, 0, '', '0000-00-00', '0000-00-00', 0, 0, 0, 0, 0, 0, 0, 0, 0, 0, 0, 0, 0, '', '0000-00-00'),
(2018, '1018', 0, 0, 0, '', '0000-00-00', '0000-00-00', 0, 0, 0, 0, 0, 0, 0, 0, 0, 0, 0, 0, 0, '', '0000-00-00'),
(2019, '1019', 0, 0, 0, '', '0000-00-00', '0000-00-00', 0, 0, 0, 0, 0, 0, 0, 0, 0, 0, 0, 0, 0, '', '0000-00-00'),
(2020, '1020', 0, 0, 0, '', '0000-00-00', '0000-00-00', 0, 0, 0, 0, 0, 0, 0, 0, 0, 0, 0, 0, 0, '', '0000-00-00'),
(2021, '1021', 0, 0, 0, '', '0000-00-00', '0000-00-00', 0, 0, 0, 0, 0, 0, 0, 0, 0, 0, 0, 0, 0, '', '0000-00-00'),
(2022, '1022', 0, 0, 0, '', '0000-00-00', '0000-00-00', 0, 0, 0, 0, 0, 0, 0, 0, 0, 0, 0, 0, 0, '', '0000-00-00'),
(2023, '1023', 0, 0, 0, '', '0000-00-00', '0000-00-00', 0, 0, 0, 0, 0, 0, 0, 0, 0, 0, 0, 0, 0, '', '0000-00-00'),
(2024, '1024', 0, 0, 0, '', '0000-00-00', '0000-00-00', 0, 0, 0, 0, 0, 0, 0, 0, 0, 0, 0, 0, 0, '', '0000-00-00'),
(2025, '1025', 0, 0, 0, '', '0000-00-00', '0000-00-00', 0, 0, 0, 0, 0, 0, 0, 0, 0, 0, 0, 0, 0, '', '0000-00-00'),
(2026, '1026', 0, 0, 0, '', '0000-00-00', '0000-00-00', 0, 0, 0, 0, 0, 0, 0, 0, 0, 0, 0, 0, 0, '', '0000-00-00'),
(2027, '1027', 0, 0, 0, '', '0000-00-00', '0000-00-00', 0, 0, 0, 0, 0, 0, 0, 0, 0, 0, 0, 0, 0, '', '0000-00-00'),
(2028, '1028', 0, 0, 0, '', '0000-00-00', '0000-00-00', 0, 0, 0, 0, 0, 0, 0, 0, 0, 0, 0, 0, 0, '', '0000-00-00'),
(2029, '1029', 0, 0, 0, '', '0000-00-00', '0000-00-00', 0, 0, 0, 0, 0, 0, 0, 0, 0, 0, 0, 0, 0, '', '0000-00-00'),
(2030, '1030', 0, 0, 0, '', '0000-00-00', '0000-00-00', 0, 0, 0, 0, 0, 0, 0, 0, 0, 0, 0, 0, 0, '', '0000-00-00'),
(2031, '1031', 0, 0, 0, '', '0000-00-00', '0000-00-00', 0, 0, 0, 0, 0, 0, 0, 0, 0, 0, 0, 0, 0, '', '0000-00-00'),
(2032, '1032', 0, 0, 0, '', '0000-00-00', '0000-00-00', 0, 0, 0, 0, 0, 0, 0, 0, 0, 0, 0, 0, 0, '', '0000-00-00'),
(2033, '1033', 0, 0, 0, '', '0000-00-00', '0000-00-00', 0, 0, 0, 0, 0, 0, 0, 0, 0, 0, 0, 0, 0, '', '0000-00-00'),
(2034, '1034', 0, 0, 0, '', '0000-00-00', '0000-00-00', 0, 0, 0, 0, 0, 0, 0, 0, 0, 0, 0, 0, 0, '', '0000-00-00'),
(2035, '1035', 0, 0, 0, '', '0000-00-00', '0000-00-00', 0, 0, 0, 0, 0, 0, 0, 0, 0, 0, 0, 0, 0, '', '0000-00-00'),
(2036, '1036', 0, 0, 0, '', '0000-00-00', '0000-00-00', 0, 0, 0, 0, 0, 0, 0, 0, 0, 0, 0, 0, 0, '', '0000-00-00'),
(2037, '1037', 0, 0, 0, '', '0000-00-00', '0000-00-00', 0, 0, 0, 0, 0, 0, 0, 0, 0, 0, 0, 0, 0, '', '0000-00-00'),
(2038, '1038', 0, 0, 0, '', '0000-00-00', '0000-00-00', 0, 0, 0, 0, 0, 0, 0, 0, 0, 0, 0, 0, 0, '', '0000-00-00'),
(2039, '1039', 0, 0, 0, '', '0000-00-00', '0000-00-00', 0, 0, 0, 0, 0, 0, 0, 0, 0, 0, 0, 0, 0, '', '0000-00-00'),
(2040, '1040', 0, 0, 0, '', '0000-00-00', '0000-00-00', 0, 0, 0, 0, 0, 0, 0, 0, 0, 0, 0, 0, 0, '', '0000-00-00');

-- --------------------------------------------------------

--
-- Table structure for table `jadwal`
--

CREATE TABLE `jadwal` (
  `id_jadwal` varchar(11) NOT NULL,
  `kelas` varchar(50) NOT NULL,
  `id_kls` int(11) NOT NULL,
  `dosen` varchar(50) NOT NULL,
  `ruangan` varchar(10) NOT NULL,
  `hari` varchar(6) NOT NULL,
  `jam` time NOT NULL
) ENGINE=InnoDB DEFAULT CHARSET=latin1;

--
-- Dumping data for table `jadwal`
--

INSERT INTO `jadwal` (`id_jadwal`, `kelas`, `id_kls`, `dosen`, `ruangan`, `hari`, `jam`) VALUES
('JDWL-SI0002', 'Sistem Informasi 1 B', 6001, 'Mivy', 'C', 'Senin', '20:00:00'),
('JDWL-SI0004', 'Sistem Informasi 3 A', 6003, 'Budi', 'H', 'Selasa', '20:00:00'),
('JDWL-SI0005', 'Sistem Informasi 3 B', 6003, 'Budi', 'H', 'Selasa', '18:30:00'),
('JDWL-SI0006', 'Sistem Informasi 2 A', 6002, 'Jaka', 'K', 'Senin', '12:59:00'),
('JDWL-SI0007', 'Sistem Informasi 4 A', 6004, 'Hera', '202', 'Senin', '20:00:00'),
('JDWL-SI0008', 'Sistem Informasi 1 A', 6005, 'Imam', '203', 'Kamis', '18:30:00'),
('JDWL-SI0009', 'Sistem Informasi 5 A', 6006, 'Didi', 'H', 'Selasa', '06:30:00'),
('JDWL-SI0011', 'Sistem Informasi 1 B', 6005, 'Imam', 'G', 'Selasa', '18:45:00'),
('JWL-SIA0001', 'S.I. Akuntansi 2 A', 6002, 'Jaka', 'F', 'Senin', '18:30:00'),
('JWL-SIA0002', 'S.I. Akuntansi 2 A', 6007, 'Yulis', '406', 'Jumat', '18:30:00'),
('JWL-SIA0003', 'S.I. Akuntansi 4 A', 6008, 'Sestri', '402', 'Selasa', '20:00:00'),
('JWL-SIA0004', 'S.I. Akuntansi 4 B', 6004, 'Hera', '503', 'Senin', '18:30:00'),
('JWL-SIA0005', 'S.I. Akuntansi 4 A', 6004, 'Hera', '403', 'Selasa', '18:30:00'),
('JWL-SIA0006', 'S.I. Akuntansi 6 A', 6009, 'Aminul', '201', 'Kamis', '18:30:00'),
('JWL-SIA0007', 'S.I. Akuntansi 6 B', 6009, 'Aminul', '302', 'Kamis', '20:00:00');

-- --------------------------------------------------------

--
-- Table structure for table `jurusan`
--

CREATE TABLE `jurusan` (
  `id_jur` varchar(10) NOT NULL,
  `nm_jur` varchar(60) NOT NULL,
  `nm_intl_jur` varchar(60) NOT NULL,
  `u_sma` int(1) NOT NULL,
  `u_smk` int(1) NOT NULL,
  `u_pt` int(1) NOT NULL,
  `u_slb` int(1) NOT NULL,
  `id_jenj_didik` int(2) NOT NULL,
  `id_induk_jurusan` varchar(10) NOT NULL,
  `id_kel_bidang` varchar(20) NOT NULL
) ENGINE=InnoDB DEFAULT CHARSET=latin1;

--
-- Dumping data for table `jurusan`
--

INSERT INTO `jurusan` (`id_jur`, `nm_jur`, `nm_intl_jur`, `u_sma`, `u_smk`, `u_pt`, `u_slb`, `id_jenj_didik`, `id_induk_jurusan`, `id_kel_bidang`) VALUES
('si', 'Sistem Informasi', 'information systems', 0, 0, 1, 0, 0, '', ''),
('sia', 'Sistem Informasi Akuntansi', 'accounting information system', 0, 0, 1, 0, 0, '', '');

-- --------------------------------------------------------

--
-- Table structure for table `kelas_kuliah`
--

CREATE TABLE `kelas_kuliah` (
  `id_kls` int(11) NOT NULL,
  `id_sms` int(11) NOT NULL,
  `id_smt` varchar(5) NOT NULL,
  `id_mk` int(11) NOT NULL,
  `nm_kls` varchar(5) NOT NULL,
  `sks_mk` int(2) NOT NULL,
  `sks_tm` int(2) NOT NULL,
  `sks_prak` int(2) NOT NULL,
  `sks_prak_lap` int(2) NOT NULL,
  `sks_sim` int(2) NOT NULL,
  `bahasan_case` varchar(200) NOT NULL,
  `tgl_mulai_koas` date NOT NULL,
  `tgl_selesai_koas` date NOT NULL,
  `id_mou` int(11) NOT NULL,
  `a_selenggara_pditt` int(1) NOT NULL,
  `kuota_pditt` int(4) NOT NULL,
  `a_pengguna_pditt` int(1) NOT NULL,
  `id_kls_pditt` int(11) NOT NULL
) ENGINE=InnoDB DEFAULT CHARSET=latin1;

--
-- Dumping data for table `kelas_kuliah`
--

INSERT INTO `kelas_kuliah` (`id_kls`, `id_sms`, `id_smt`, `id_mk`, `nm_kls`, `sks_mk`, `sks_tm`, `sks_prak`, `sks_prak_lap`, `sks_sim`, `bahasan_case`, `tgl_mulai_koas`, `tgl_selesai_koas`, `id_mou`, `a_selenggara_pditt`, `kuota_pditt`, `a_pengguna_pditt`, `id_kls_pditt`) VALUES
(6001, 0, 'smt1', 5001, 'PAI', 0, 16, 0, 0, 0, 'Agama Islam', '2019-12-31', '2019-12-31', 0, 1, 40, 0, 0),
(6002, 0, 'smt2', 5002, 'PE', 0, 16, 0, 0, 0, 'Micro Macro', '2019-12-31', '2020-12-31', 0, 0, 35, 1, 0),
(6003, 0, 'smt3', 5006, 'PA1', 0, 16, 0, 0, 0, 'Jurnal Umum', '2019-01-01', '2019-12-31', 0, 0, 40, 1, 0),
(6004, 0, 'smt4', 5010, 'PO', 0, 16, 0, 0, 0, 'Leadership', '2019-01-01', '2019-12-31', 0, 0, 35, 1, 0),
(6005, 0, 'smt1', 5005, 'GE', 0, 16, 0, 0, 0, 'Speaking', '2019-01-01', '2019-12-31', 0, 0, 40, 1, 0),
(6006, 0, 'smt5', 5019, 'PM', 0, 16, 16, 0, 0, 'Program Linux', '2019-12-31', '2019-12-01', 0, 0, 50, 0, 0),
(6007, 0, 'smt2', 5030, 'MYOB', 0, 12, 12, 0, 0, 'MYOB', '2019-12-31', '2019-12-31', 0, 0, 35, 0, 0),
(6008, 0, 'smt4', 5033, 'Audit', 0, 12, 0, 0, 0, 'Auditing', '2019-12-31', '2019-12-31', 0, 0, 30, 0, 0),
(6009, 0, 'smt6', 5034, 'Budge', 0, 12, 0, 0, 0, 'Budgeting', '2019-01-01', '2019-01-01', 0, 0, 30, 0, 0);

-- --------------------------------------------------------

--
-- Table structure for table `kuliah`
--

CREATE TABLE `kuliah` (
  `id_kuliah` int(11) NOT NULL,
  `id_reg_pd` varchar(10) NOT NULL,
  `id_jur` varchar(10) NOT NULL,
  `id_smt` varchar(5) NOT NULL,
  `gelombang` varchar(1) NOT NULL
) ENGINE=InnoDB DEFAULT CHARSET=latin1;

--
-- Dumping data for table `kuliah`
--

INSERT INTO `kuliah` (`id_kuliah`, `id_reg_pd`, `id_jur`, `id_smt`, `gelombang`) VALUES
(1, '40001', 'sia', 'smt2', 'A'),
(3, '40002', 'si', 'smt1', 'A'),
(4, '40003', 'si', 'smt1', 'A'),
(5, '40004', 'si', 'smt1', 'A'),
(6, '40005', 'si', 'smt1', 'B'),
(7, '40006', 'si', 'smt1', 'B'),
(8, '40007', 'si', 'smt1', 'B'),
(9, '40008', 'si', 'smt2', 'A'),
(10, '40009', 'si', 'smt2', 'A'),
(11, '40010', 'si', 'smt3', 'A'),
(12, '40011', 'si', 'smt3', 'B'),
(13, '40012', 'si', 'smt3', 'C'),
(14, '40013', 'si', 'smt4', 'A'),
(15, '40014', 'si', 'smt5', 'A'),
(16, '40015', 'si', 'smt6', 'A'),
(17, '40016', 'si', 'smt7', 'A'),
(18, '40017', 'si', 'smt8', 'A'),
(19, '40018', 'si', 'smt5', 'B'),
(20, '40019', 'si', 'smt6', 'B'),
(21, '40020', 'si', 'smt6', 'C'),
(22, '40022', 'sia', 'smt4', 'A'),
(23, '40021', 'sia', 'smt4', 'B'),
(24, '40023', 'sia', 'smt6', 'A'),
(25, '40024', 'sia', 'smt6', 'B');

-- --------------------------------------------------------

--
-- Table structure for table `mahasiswa`
--

CREATE TABLE `mahasiswa` (
  `id_pd` char(10) NOT NULL,
  `nm_pd` varchar(50) NOT NULL,
  `jk` char(1) NOT NULL,
  `nisn` char(10) NOT NULL,
  `nik` char(16) NOT NULL,
  `tmpt_lahir` varchar(20) NOT NULL,
  `tgl_lahir` date NOT NULL,
  `id agama` char(16) NOT NULL,
  `id_kk` char(32) NOT NULL,
  `id_sp` varchar(10) NOT NULL,
  `jln` varchar(80) NOT NULL,
  `rt` int(2) NOT NULL,
  `rw` int(2) NOT NULL,
  `nm_dsn` varchar(40) NOT NULL,
  `ds_kel` varchar(40) NOT NULL,
  `id_wil` char(8) NOT NULL,
  `kode_pos` char(5) NOT NULL,
  `id_jns_tinggal` int(2) NOT NULL,
  `id_alat_transport` int(2) NOT NULL,
  `telepon_rumah` varchar(20) NOT NULL,
  `telepon_seluler` varchar(20) NOT NULL,
  `email` varchar(50) NOT NULL,
  `a_terima_kps` int(1) NOT NULL,
  `no_kps` varchar(40) NOT NULL,
  `stat_pd` char(1) NOT NULL,
  `nm_ayah` varchar(50) NOT NULL,
  `tgl_lahir_ayah` date NOT NULL,
  `id_jenjang_pendidikan_ayah` int(2) NOT NULL,
  `id_pekerjaan_ayah` int(11) NOT NULL,
  `id_penghasilan_ayah` int(11) NOT NULL,
  `nam_ibu_kandung` varchar(50) NOT NULL,
  `tgl_ibu_lahir` date NOT NULL,
  `id_jenjang_pendidkan_ibu` int(2) NOT NULL,
  `id_pekerjaan_ibu` int(11) NOT NULL,
  `id_penghasilan_ibu` int(11) NOT NULL,
  `id_kebutuhan_khusus_ibu` int(11) NOT NULL,
  `id_kebutuhan_khusus_ayah` int(11) NOT NULL,
  `nm_wali` varchar(30) NOT NULL,
  `tgl_lahir_wali` date NOT NULL,
  `id_jenjang_pendidikan_wali` int(11) NOT NULL,
  `id_pekerjaan_wali` int(11) NOT NULL,
  `id_penghasilan_wali` int(11) NOT NULL,
  `kewarganegaraan` char(3) NOT NULL
) ENGINE=InnoDB DEFAULT CHARSET=latin1;

--
-- Dumping data for table `mahasiswa`
--

INSERT INTO `mahasiswa` (`id_pd`, `nm_pd`, `jk`, `nisn`, `nik`, `tmpt_lahir`, `tgl_lahir`, `id agama`, `id_kk`, `id_sp`, `jln`, `rt`, `rw`, `nm_dsn`, `ds_kel`, `id_wil`, `kode_pos`, `id_jns_tinggal`, `id_alat_transport`, `telepon_rumah`, `telepon_seluler`, `email`, `a_terima_kps`, `no_kps`, `stat_pd`, `nm_ayah`, `tgl_lahir_ayah`, `id_jenjang_pendidikan_ayah`, `id_pekerjaan_ayah`, `id_penghasilan_ayah`, `nam_ibu_kandung`, `tgl_ibu_lahir`, `id_jenjang_pendidkan_ibu`, `id_pekerjaan_ibu`, `id_penghasilan_ibu`, `id_kebutuhan_khusus_ibu`, `id_kebutuhan_khusus_ayah`, `nm_wali`, `tgl_lahir_wali`, `id_jenjang_pendidikan_wali`, `id_pekerjaan_wali`, `id_penghasilan_wali`, `kewarganegaraan`) VALUES
('30001', 'Muhammad Nur Basari', 'L', '', '', '', '0000-00-00', '', '', '', '', 0, 0, '', '', '', '', 0, 0, '', '', '', 0, '', '', '', '0000-00-00', 0, 0, 0, '', '0000-00-00', 0, 0, 0, 0, 0, '', '0000-00-00', 0, 0, 0, ''),
('30002', 'Nurahman', 'L', '', '', '', '0000-00-00', '', '', '', '', 0, 0, '', '', '', '', 0, 0, '', '', '', 0, '', '', '', '0000-00-00', 0, 0, 0, '', '0000-00-00', 0, 0, 0, 0, 0, '', '0000-00-00', 0, 0, 0, ''),
('30003', 'Suwendri Wijaya', 'L', '', '', '', '0000-00-00', '', '', '', '', 0, 0, '', '', '', '', 0, 0, '', '', '', 0, '', '', '', '0000-00-00', 0, 0, 0, '', '0000-00-00', 0, 0, 0, 0, 0, '', '0000-00-00', 0, 0, 0, ''),
('30004', 'Manan', 'L', '', '', '', '0000-00-00', '', '', '', '', 0, 0, '', '', '', '', 0, 0, '', '', '', 0, '', '', '', '0000-00-00', 0, 0, 0, '', '0000-00-00', 0, 0, 0, 0, 0, '', '0000-00-00', 0, 0, 0, ''),
('30005', 'Mansur', 'L', '', '', '', '0000-00-00', '', '', '', '', 0, 0, '', '', '', '', 0, 0, '', '', '', 0, '', '', '', '0000-00-00', 0, 0, 0, '', '0000-00-00', 0, 0, 0, 0, 0, '', '0000-00-00', 0, 0, 0, ''),
('30006', 'Sujoko', 'L', '', '', '', '0000-00-00', '', '', '', '', 0, 0, '', '', '', '', 0, 0, '', '', '', 0, '', '', '', '0000-00-00', 0, 0, 0, '', '0000-00-00', 0, 0, 0, 0, 0, '', '0000-00-00', 0, 0, 0, ''),
('30007', 'Rudi Kurniawan', 'L', '', '', '', '0000-00-00', '', '', '', '', 0, 0, '', '', '', '', 0, 0, '', '', '', 0, '', '', '', '0000-00-00', 0, 0, 0, '', '0000-00-00', 0, 0, 0, 0, 0, '', '0000-00-00', 0, 0, 0, ''),
('30008', 'Nova Argo', 'L', '', '', '', '0000-00-00', '', '', '', '', 0, 0, '', '', '', '', 0, 0, '', '', '', 0, '', '', '', '0000-00-00', 0, 0, 0, '', '0000-00-00', 0, 0, 0, 0, 0, '', '0000-00-00', 0, 0, 0, ''),
('30009', 'Dion Waseso', 'L', '', '', '', '0000-00-00', '', '', '', '', 0, 0, '', '', '', '', 0, 0, '', '', '', 0, '', '', '', '0000-00-00', 0, 0, 0, '', '0000-00-00', 0, 0, 0, 0, 0, '', '0000-00-00', 0, 0, 0, ''),
('30010', 'Cica Dwiyantoro', 'L', '', '', '', '0000-00-00', '', '', '', '', 0, 0, '', '', '', '', 0, 0, '', '', '', 0, '', '', '', '0000-00-00', 0, 0, 0, '', '0000-00-00', 0, 0, 0, 0, 0, '', '0000-00-00', 0, 0, 0, ''),
('30011', 'Intan Dwi Susilowati', 'P', '', '', '', '0000-00-00', '', '', '', '', 0, 0, '', '', '', '', 0, 0, '', '', '', 0, '', '', '', '0000-00-00', 0, 0, 0, '', '0000-00-00', 0, 0, 0, 0, 0, '', '0000-00-00', 0, 0, 0, ''),
('30012', 'Yeni Dwi Nur Rahma', 'P', '', '', '', '0000-00-00', '', '', '', '', 0, 0, '', '', '', '', 0, 0, '', '', '', 0, '', '', '', '0000-00-00', 0, 0, 0, '', '0000-00-00', 0, 0, 0, 0, 0, '', '0000-00-00', 0, 0, 0, ''),
('30013', 'Indah Susanti', 'P', '', '', '', '0000-00-00', '', '', '', '', 0, 0, '', '', '', '', 0, 0, '', '', '', 0, '', '', '', '0000-00-00', 0, 0, 0, '', '0000-00-00', 0, 0, 0, 0, 0, '', '0000-00-00', 0, 0, 0, ''),
('30014', 'Galis Nur Sunja', 'P', '', '', '', '0000-00-00', '', '', '', '', 0, 0, '', '', '', '', 0, 0, '', '', '', 0, '', '', '', '0000-00-00', 0, 0, 0, '', '0000-00-00', 0, 0, 0, 0, 0, '', '0000-00-00', 0, 0, 0, ''),
('30015', 'Nuramanah', 'P', '', '', '', '0000-00-00', '', '', '', '', 0, 0, '', '', '', '', 0, 0, '', '', '', 0, '', '', '', '0000-00-00', 0, 0, 0, '', '0000-00-00', 0, 0, 0, 0, 0, '', '0000-00-00', 0, 0, 0, ''),
('30016', 'Rantini', 'P', '', '', '', '0000-00-00', '', '', '', '', 0, 0, '', '', '', '', 0, 0, '', '', '', 0, '', '', '', '0000-00-00', 0, 0, 0, '', '0000-00-00', 0, 0, 0, 0, 0, '', '0000-00-00', 0, 0, 0, ''),
('30017', 'Susi Susilowati', 'P', '', '', '', '0000-00-00', '', '', '', '', 0, 0, '', '', '', '', 0, 0, '', '', '', 0, '', '', '', '0000-00-00', 0, 0, 0, '', '0000-00-00', 0, 0, 0, 0, 0, '', '0000-00-00', 0, 0, 0, ''),
('30018', 'Kinanti', 'P', '', '', '', '0000-00-00', '', '', '', '', 0, 0, '', '', '', '', 0, 0, '', '', '', 0, '', '', '', '0000-00-00', 0, 0, 0, '', '0000-00-00', 0, 0, 0, 0, 0, '', '0000-00-00', 0, 0, 0, ''),
('30019', 'Cika Azizah', 'P', '', '', '', '0000-00-00', '', '', '', '', 0, 0, '', '', '', '', 0, 0, '', '', '', 0, '', '', '', '0000-00-00', 0, 0, 0, '', '0000-00-00', 0, 0, 0, 0, 0, '', '0000-00-00', 0, 0, 0, ''),
('30020', 'Sofiatun', 'P', '', '', '', '0000-00-00', '', '', '', '', 0, 0, '', '', '', '', 0, 0, '', '', '', 0, '', '', '', '0000-00-00', 0, 0, 0, '', '0000-00-00', 0, 0, 0, 0, 0, '', '0000-00-00', 0, 0, 0, ''),
('30021', 'Nurmalasari', 'P', '', '', '', '0000-00-00', '', '', '', '', 0, 0, '', '', '', '', 0, 0, '', '', '', 0, '', '', '', '0000-00-00', 0, 0, 0, '', '0000-00-00', 0, 0, 0, 0, 0, '', '0000-00-00', 0, 0, 0, ''),
('30022', 'Ahmad Zaki', 'L', '', '', '', '0000-00-00', '', '', '', '', 0, 0, '', '', '', '', 0, 0, '', '', '', 0, '', '', '', '0000-00-00', 0, 0, 0, '', '0000-00-00', 0, 0, 0, 0, 0, '', '0000-00-00', 0, 0, 0, ''),
('30023', 'Titania', 'P', '', '', '', '0000-00-00', '', '', '', '', 0, 0, '', '', '', '', 0, 0, '', '', '', 0, '', '', '', '0000-00-00', 0, 0, 0, '', '0000-00-00', 0, 0, 0, 0, 0, '', '0000-00-00', 0, 0, 0, ''),
('30024', 'Azizah', 'P', '', '', '', '0000-00-00', '', '', '', '', 0, 0, '', '', '', '', 0, 0, '', '', '', 0, '', '', '', '0000-00-00', 0, 0, 0, '', '0000-00-00', 0, 0, 0, 0, 0, '', '0000-00-00', 0, 0, 0, '');

-- --------------------------------------------------------

--
-- Table structure for table `mahasiswa_pt`
--

CREATE TABLE `mahasiswa_pt` (
  `id_reg_pd` char(10) NOT NULL,
  `id_sms` char(10) NOT NULL,
  `id_pd` char(10) NOT NULL,
  `id_sp` char(10) NOT NULL,
  `id_jns_daftar` int(1) NOT NULL,
  `nipd` varchar(18) NOT NULL,
  `tgl_masuk_sp` date NOT NULL,
  `id_jns_keluar` char(1) NOT NULL,
  `tgl_keluar` date NOT NULL,
  `ket` varchar(128) NOT NULL,
  `skhun` char(20) NOT NULL,
  `a_pernah_paud` int(1) NOT NULL,
  `a_pernah_tk` int(1) NOT NULL,
  `mulai_smt` varchar(5) NOT NULL,
  `sks_diakui` int(3) NOT NULL,
  `jalur_skripsi` int(1) NOT NULL,
  `judul_skripsi` varchar(250) NOT NULL,
  `bln_awal_bimbingan` date NOT NULL,
  `bln_akhir_bimbingan` date NOT NULL,
  `sk_yudisium` varchar(30) NOT NULL,
  `tgl_sk_yudisium` date NOT NULL,
  `ipk` double NOT NULL,
  `no_seri_ijazah` varchar(40) NOT NULL,
  `sert_prof` varchar(40) NOT NULL,
  `a_pindah_mhs_asing` int(1) NOT NULL,
  `nm_pt_asal` varchar(50) NOT NULL,
  `nm_prodi_asal` varchar(50) NOT NULL
) ENGINE=InnoDB DEFAULT CHARSET=latin1;

--
-- Dumping data for table `mahasiswa_pt`
--

INSERT INTO `mahasiswa_pt` (`id_reg_pd`, `id_sms`, `id_pd`, `id_sp`, `id_jns_daftar`, `nipd`, `tgl_masuk_sp`, `id_jns_keluar`, `tgl_keluar`, `ket`, `skhun`, `a_pernah_paud`, `a_pernah_tk`, `mulai_smt`, `sks_diakui`, `jalur_skripsi`, `judul_skripsi`, `bln_awal_bimbingan`, `bln_akhir_bimbingan`, `sk_yudisium`, `tgl_sk_yudisium`, `ipk`, `no_seri_ijazah`, `sert_prof`, `a_pindah_mhs_asing`, `nm_pt_asal`, `nm_prodi_asal`) VALUES
('40001', '', '30001', '', 0, '', '0000-00-00', '', '0000-00-00', '', '', 0, 0, '', 0, 0, '', '0000-00-00', '0000-00-00', '', '0000-00-00', 0, '', '', 0, '', ''),
('40002', '', '30002', '', 0, '', '0000-00-00', '', '0000-00-00', '', '', 0, 0, '', 0, 0, '', '0000-00-00', '0000-00-00', '', '0000-00-00', 0, '', '', 0, '', ''),
('40003', '', '30003', '', 0, '', '0000-00-00', '', '0000-00-00', '', '', 0, 0, '', 0, 0, '', '0000-00-00', '0000-00-00', '', '0000-00-00', 0, '', '', 0, '', ''),
('40004', '', '30004', '', 0, '', '0000-00-00', '', '0000-00-00', '', '', 0, 0, '', 0, 0, '', '0000-00-00', '0000-00-00', '', '0000-00-00', 0, '', '', 0, '', ''),
('40005', '', '30005', '', 0, '', '0000-00-00', '', '0000-00-00', '', '', 0, 0, '', 0, 0, '', '0000-00-00', '0000-00-00', '', '0000-00-00', 0, '', '', 0, '', ''),
('40006', '', '30006', '', 0, '', '0000-00-00', '', '0000-00-00', '', '', 0, 0, '', 0, 0, '', '0000-00-00', '0000-00-00', '', '0000-00-00', 0, '', '', 0, '', ''),
('40007', '', '30007', '', 0, '', '0000-00-00', '', '0000-00-00', '', '', 0, 0, '', 0, 0, '', '0000-00-00', '0000-00-00', '', '0000-00-00', 0, '', '', 0, '', ''),
('40008', '', '30008', '', 0, '', '0000-00-00', '', '0000-00-00', '', '', 0, 0, '', 0, 0, '', '0000-00-00', '0000-00-00', '', '0000-00-00', 0, '', '', 0, '', ''),
('40009', '', '30009', '', 0, '', '0000-00-00', '', '0000-00-00', '', '', 0, 0, '', 0, 0, '', '0000-00-00', '0000-00-00', '', '0000-00-00', 0, '', '', 0, '', ''),
('40010', '', '30010', '', 0, '', '0000-00-00', '', '0000-00-00', '', '', 0, 0, '', 0, 0, '', '0000-00-00', '0000-00-00', '', '0000-00-00', 0, '', '', 0, '', ''),
('40011', '', '30011', '', 0, '', '0000-00-00', '', '0000-00-00', '', '', 0, 0, '', 0, 0, '', '0000-00-00', '0000-00-00', '', '0000-00-00', 0, '', '', 0, '', ''),
('40012', '', '30012', '', 0, '', '0000-00-00', '', '0000-00-00', '', '', 0, 0, '', 0, 0, '', '0000-00-00', '0000-00-00', '', '0000-00-00', 0, '', '', 0, '', ''),
('40013', '', '30013', '', 0, '', '0000-00-00', '', '0000-00-00', '', '', 0, 0, '', 0, 0, '', '0000-00-00', '0000-00-00', '', '0000-00-00', 0, '', '', 0, '', ''),
('40014', '', '30014', '', 0, '', '0000-00-00', '', '0000-00-00', '', '', 0, 0, '', 0, 0, '', '0000-00-00', '0000-00-00', '', '0000-00-00', 0, '', '', 0, '', ''),
('40015', '', '30015', '', 0, '', '0000-00-00', '', '0000-00-00', '', '', 0, 0, '', 0, 0, '', '0000-00-00', '0000-00-00', '', '0000-00-00', 0, '', '', 0, '', ''),
('40016', '', '30016', '', 0, '', '0000-00-00', '', '0000-00-00', '', '', 0, 0, '', 0, 0, '', '0000-00-00', '0000-00-00', '', '0000-00-00', 0, '', '', 0, '', ''),
('40017', '', '30017', '', 0, '', '0000-00-00', '', '0000-00-00', '', '', 0, 0, '', 0, 0, '', '0000-00-00', '0000-00-00', '', '0000-00-00', 0, '', '', 0, '', ''),
('40018', '', '30018', '', 0, '', '0000-00-00', '', '0000-00-00', '', '', 0, 0, '', 0, 0, '', '0000-00-00', '0000-00-00', '', '0000-00-00', 0, '', '', 0, '', ''),
('40019', '', '30019', '', 0, '', '0000-00-00', '', '0000-00-00', '', '', 0, 0, '', 0, 0, '', '0000-00-00', '0000-00-00', '', '0000-00-00', 0, '', '', 0, '', ''),
('40020', '', '30020', '', 0, '', '0000-00-00', '', '0000-00-00', '', '', 0, 0, '', 0, 0, '', '0000-00-00', '0000-00-00', '', '0000-00-00', 0, '', '', 0, '', ''),
('40021', '', '30021', '', 0, '', '0000-00-00', '', '0000-00-00', '', '', 0, 0, '', 0, 0, '', '0000-00-00', '0000-00-00', '', '0000-00-00', 0, '', '', 0, '', ''),
('40022', '', '30022', '', 0, '', '0000-00-00', '', '0000-00-00', '', '', 0, 0, '', 0, 0, '', '0000-00-00', '0000-00-00', '', '0000-00-00', 0, '', '', 0, '', ''),
('40023', '', '30023', '', 0, '', '0000-00-00', '', '0000-00-00', '', '', 0, 0, '', 0, 0, '', '0000-00-00', '0000-00-00', '', '0000-00-00', 0, '', '', 0, '', ''),
('40024', '', '30024', '', 0, '', '0000-00-00', '', '0000-00-00', '', '', 0, 0, '', 0, 0, '', '0000-00-00', '0000-00-00', '', '0000-00-00', 0, '', '', 0, '', '');

-- --------------------------------------------------------

--
-- Table structure for table `mata_kuliah`
--

CREATE TABLE `mata_kuliah` (
  `id_mk` int(11) NOT NULL,
  `id_sms` int(11) NOT NULL,
  `id_jenj_didik` int(2) NOT NULL,
  `kode_mk` varchar(20) NOT NULL,
  `nm_mk` varchar(200) NOT NULL,
  `jns_mk` varchar(2) NOT NULL,
  `kel_mk` varchar(1) NOT NULL,
  `sks_mk` int(2) NOT NULL,
  `sks_tm` int(2) NOT NULL,
  `sks_prak` int(2) NOT NULL,
  `sks_prak_lap` int(2) NOT NULL,
  `sks_sim` int(2) NOT NULL,
  `metode_pelaksanaan_kuliah` varchar(50) NOT NULL,
  `a_sap` int(1) NOT NULL,
  `a_silabus` int(1) NOT NULL,
  `a_bahan_ajar` int(1) NOT NULL,
  `acara_prak` int(1) NOT NULL,
  `a_diktat` int(1) NOT NULL,
  `tgl_mulai_efektif` date NOT NULL,
  `tgl_akhir_efektif` date NOT NULL
) ENGINE=InnoDB DEFAULT CHARSET=latin1;

--
-- Dumping data for table `mata_kuliah`
--

INSERT INTO `mata_kuliah` (`id_mk`, `id_sms`, `id_jenj_didik`, `kode_mk`, `nm_mk`, `jns_mk`, `kel_mk`, `sks_mk`, `sks_tm`, `sks_prak`, `sks_prak_lap`, `sks_sim`, `metode_pelaksanaan_kuliah`, `a_sap`, `a_silabus`, `a_bahan_ajar`, `acara_prak`, `a_diktat`, `tgl_mulai_efektif`, `tgl_akhir_efektif`) VALUES
(5001, 0, 0, 'P. Agama Islam', 'Pendidikan Agama Islam', 'B', 'A', 3, 16, 0, 0, 0, 'Reguler', 0, 0, 1, 0, 0, '2019-09-01', '2020-02-08'),
(5002, 0, 0, 'P. Ekonomi', 'Pengantar Ekonomi', 'B', 'A', 3, 16, 0, 0, 0, 'Reguler', 0, 0, 1, 0, 0, '2019-09-01', '2020-08-02'),
(5003, 0, 0, 'Logika Algor.', 'Logika Algoritma', 'A', 'B', 3, 16, 0, 0, 0, 'Reguler', 1, 1, 1, 0, 0, '2019-01-09', '2020-08-02'),
(5004, 0, 0, 'PTI', 'Pengantar Teknologi Informasi', 'A', 'C', 3, 16, 0, 0, 0, 'Reguler', 1, 0, 1, 0, 0, '2019-01-09', '2020-08-02'),
(5005, 0, 0, 'G. English 1', 'General English 1', 'B', 'C', 3, 16, 0, 0, 0, 'Reguler', 1, 1, 1, 0, 0, '2019-01-09', '2020-08-02'),
(5006, 0, 0, 'P. Akun. 1', 'Pengantar Akuntansi 1', 'B', 'B', 3, 16, 0, 0, 0, 'Reguler', 1, 1, 1, 0, 1, '2019-01-09', '2020-08-02'),
(5007, 0, 0, 'Aljabar Linier', 'Aljabar Linier', 'A', 'A', 3, 16, 0, 0, 0, 'Reguler', 1, 1, 1, 0, 0, '2019-01-09', '2020-08-02'),
(5008, 0, 0, 'Web Desain', 'Web Desain', 'A', 'A', 3, 16, 3, 0, 0, 'Praktikum', 1, 1, 1, 1, 0, '2019-01-09', '2020-08-02'),
(5009, 0, 0, 'Mat. Diskrit', 'Matematika Diskrit', 'A', 'A', 3, 16, 0, 0, 0, 'Reguler', 1, 1, 1, 1, 0, '2019-01-09', '2020-08-02'),
(5010, 0, 0, 'P. Organisasi', 'Perilaku Organisasi', 'A', 'C', 3, 16, 0, 0, 0, 'Reguler', 0, 1, 1, 1, 0, '2019-01-09', '2020-08-02'),
(5011, 0, 0, 'P. Manajemen', 'Pengantar Manajemen', 'B', 'B', 3, 16, 0, 0, 0, 'Reguler', 0, 0, 0, 0, 1, '2019-01-09', '2020-08-02'),
(5012, 0, 0, 'English F.C.', 'English For Computer', 'B', 'D', 3, 16, 0, 0, 0, 'R', 1, 1, 1, 0, 0, '2019-01-09', '2020-08-02'),
(5013, 0, 0, 'Fox Pro', 'Fox Pro', 'A', 'E', 3, 16, 3, 0, 0, 'Praktikum', 1, 1, 1, 1, 0, '2019-01-09', '2020-08-02'),
(5014, 0, 0, 'C++', 'C++', 'A', 'A', 3, 16, 3, 0, 0, 'Praktikum', 0, 1, 1, 1, 0, '2019-01-09', '2020-08-02'),
(5015, 0, 0, 'Kepemimpinan', 'Kepemimpinan', 'A', 'A', 3, 16, 0, 0, 0, 'Reguler', 0, 1, 1, 0, 0, '2019-01-09', '2020-08-02'),
(5016, 0, 0, 'Analisa Sistem', 'Analisa Sistem', 'A', 'A', 3, 16, 0, 0, 0, 'Reguler', 0, 1, 1, 0, 0, '2019-01-09', '2020-08-02'),
(5017, 0, 0, 'Desain Grafis', 'Desain Grafis', 'A', 'A', 3, 16, 0, 0, 0, 'Reguler', 0, 1, 1, 0, 0, '2019-01-09', '2020-08-02'),
(5018, 0, 0, 'Delphi', 'Delphi', 'A', 'G', 3, 16, 3, 0, 0, 'Praktikum', 0, 1, 1, 1, 0, '2019-01-09', '2020-08-02'),
(5019, 0, 0, 'Linux', 'Linux', 'A', 'B', 3, 16, 3, 0, 0, 'Praktikum', 0, 1, 1, 1, 0, '2019-01-09', '2020-08-02'),
(5020, 0, 0, 'Sistem Operasi', 'Sistem Operasi', 'A', 'A', 3, 16, 0, 0, 0, 'Reguler', 0, 1, 1, 0, 0, '2019-01-09', '2020-08-02'),
(5021, 0, 0, 'Sistem Operasi', 'Sistem Operasi', 'A', 'A', 3, 16, 0, 0, 0, 'Reguler', 0, 1, 1, 0, 0, '2019-01-09', '2020-08-02'),
(5022, 0, 0, 'Java 1', 'Java 1', 'A', 'A', 3, 16, 3, 0, 0, 'Praktikum', 0, 1, 1, 1, 0, '2019-01-09', '2020-08-02'),
(5023, 0, 0, 'RPL', 'Rekayasa Perangkat Lunak', 'A', 'A', 3, 16, 0, 0, 0, 'Reguler', 1, 1, 1, 0, 0, '2019-01-09', '2020-08-02'),
(5024, 0, 0, 'Per. Sistem', 'Perancangan Sistem', 'A', 'A', 3, 16, 0, 0, 0, 'Reguler', 1, 1, 1, 0, 0, '2019-01-09', '2020-08-02'),
(5025, 0, 0, 'VB .Net', 'Visual Basic .Net', 'A', 'A', 3, 16, 3, 0, 0, 'Praktikum', 1, 1, 1, 1, 0, '2019-01-09', '2020-08-02'),
(5026, 0, 0, 'Data Mining', 'Data Mining', 'A', 'A', 3, 16, 0, 0, 0, 'Reguler', 1, 1, 1, 1, 0, '2019-01-09', '2020-08-02'),
(5027, 0, 0, 'TRO', 'Teknik Riset Operasional', 'A', 'A', 3, 16, 0, 0, 0, 'Reguler', 1, 1, 1, 0, 0, '2019-01-09', '2020-08-02'),
(5028, 0, 0, 'Met. Penelitian', 'Metodelogi Penelitian', 'A', 'A', 3, 16, 0, 0, 0, 'Reguler', 1, 1, 1, 0, 0, '2019-01-09', '2020-08-02'),
(5029, 0, 0, 'Testing &amp; Impl.', 'Testing Dan Implementasi', 'A', 'A', 3, 16, 0, 0, 0, 'Reguler', 0, 1, 1, 0, 0, '2019-01-09', '2020-08-02'),
(5030, 0, 0, 'MYOB', 'MYOB', 'A', 'A', 3, 16, 3, 0, 0, 'Praktikum', 1, 1, 1, 1, 1, '2019-01-09', '2020-08-02'),
(5031, 0, 0, 'Accurate Acc', 'Accurate Acc', 'A', 'A', 3, 16, 3, 0, 0, 'Reguler', 1, 1, 1, 1, 0, '2019-01-09', '2020-08-02'),
(5032, 0, 0, 'Akun. Biaya', 'Akuntasnsi Biaya', 'A', 'A', 3, 16, 0, 0, 0, 'Reguler', 0, 1, 1, 0, 0, '2019-01-09', '2020-08-02'),
(5033, 0, 0, 'Auditing', 'Auditing', 'A', 'A', 3, 16, 0, 0, 0, 'Reguler', 1, 1, 1, 0, 0, '2019-01-09', '2020-08-02'),
(5034, 0, 0, 'Budgeting', 'Budgeting', 'A', 'A', 3, 16, 0, 0, 0, 'Reguler', 1, 1, 1, 0, 0, '2019-01-09', '2020-08-02'),
(5035, 0, 0, 'Struktur Data', 'Struktur Data', 'B', 'A', 3, 16, 0, 0, 0, 'Reguler', 1, 0, 1, 0, 1, '2019-12-31', '2019-12-31'),
(5036, 0, 0, 'SP001', 'Statistik Porbalistik', 'A', 'A', 1, 1, -1, -1, -1, 'Praktek', 1, 1, 1, -1, 0, '2019-12-31', '2019-12-31');

-- --------------------------------------------------------

--
-- Table structure for table `ruangan`
--

CREATE TABLE `ruangan` (
  `id_ruangan` varchar(5) NOT NULL,
  `nm_ruangan` varchar(10) NOT NULL,
  `sks_prak` int(2) NOT NULL,
  `kapasitas` int(3) NOT NULL
) ENGINE=InnoDB DEFAULT CHARSET=latin1;

--
-- Dumping data for table `ruangan`
--

INSERT INTO `ruangan` (`id_ruangan`, `nm_ruangan`, `sks_prak`, `kapasitas`) VALUES
('G1R01', 'C', 0, 50),
('G1R02', 'F', 0, 25),
('G1R03', 'G', 0, 20),
('G1R04', 'H', 0, 50),
('G1R05', 'J', 0, 65),
('G1R06', 'K', 0, 65),
('G1R07', 'L', 0, 65),
('G1R08', 'M', 0, 45),
('G1R09', 'N', 0, 40),
('G1R10', 'O', 0, 40),
('G1R11', 'P', 0, 65),
('G1R12', 'Q', 0, 65),
('G1R13', 'R', 0, 40),
('G1R14', 'S', 0, 35),
('G1R15', 'Lab. 1', 1, 60),
('G1R16', 'Lab. 4', 1, 24),
('G2R01', '201', 0, 50),
('G2R02', '202', 0, 50),
('G2R03', '203', 0, 50),
('G2R04', '205', 0, 25),
('G2R05', '206', 0, 50),
('G2R06', '207', 0, 50),
('G2R07', '301', 0, 50),
('G2R08', '302', 0, 50),
('G2R09', '303', 0, 50),
('G2R10', '401', 0, 50),
('G2R11', '402', 0, 50),
('G2R12', '403', 0, 50),
('G2R13', '404', 0, 25),
('G2R14', '405', 0, 25),
('G2R15', '406', 0, 50),
('G2R16', '407', 0, 50),
('G2R17', '501', 0, 50),
('G2R18', '502', 0, 50),
('G2R19', '503', 0, 50),
('G2R20', '504', 0, 50),
('G2R21', '505', 0, 50),
('G2R22', 'Lab. 2', 1, 60),
('G2R23', 'Lab. 3', 1, 60);

-- --------------------------------------------------------

--
-- Table structure for table `semester`
--

CREATE TABLE `semester` (
  `id_smt` varchar(5) NOT NULL,
  `nm_smt` varchar(20) NOT NULL,
  `smt` int(1) NOT NULL,
  `a_periode_aktif` int(1) NOT NULL,
  `tgl_mulai` date NOT NULL,
  `tgl_selesai` date NOT NULL
) ENGINE=InnoDB DEFAULT CHARSET=latin1;

--
-- Dumping data for table `semester`
--

INSERT INTO `semester` (`id_smt`, `nm_smt`, `smt`, `a_periode_aktif`, `tgl_mulai`, `tgl_selesai`) VALUES
('smt1', 'semester 1', 0, 0, '0000-00-00', '0000-00-00'),
('smt2', 'semester 2', 0, 0, '0000-00-00', '0000-00-00'),
('smt3', 'semester 3', 0, 0, '0000-00-00', '0000-00-00'),
('smt4', 'semester 4', 0, 0, '0000-00-00', '0000-00-00'),
('smt5', 'semester 5', 0, 0, '0000-00-00', '0000-00-00'),
('smt6', 'semester 6', 0, 0, '0000-00-00', '0000-00-00'),
('smt7', 'semester 7', 0, 0, '0000-00-00', '0000-00-00'),
('smt8', 'semester 8', 0, 0, '0000-00-00', '0000-00-00');

-- --------------------------------------------------------

--
-- Table structure for table `user`
--

CREATE TABLE `user` (
  `id_user` int(1) NOT NULL,
  `user` varchar(50) NOT NULL,
  `email` varchar(225) NOT NULL,
  `password` varchar(225) NOT NULL,
  `status` int(1) NOT NULL
) ENGINE=InnoDB DEFAULT CHARSET=latin1;

--
-- Dumping data for table `user`
--

INSERT INTO `user` (`id_user`, `user`, `email`, `password`, `status`) VALUES
(1, 'admin', 'admin@gmail.com', '$2y$10$fcI3S/kM5CJpv7Q7KSwXyOzI0i.U6JKS9trfBDhiMoVOJvSHc2MGG', 1);

--
-- Indexes for dumped tables
--

--
-- Indexes for table `ajar_dosen`
--
ALTER TABLE `ajar_dosen`
  ADD PRIMARY KEY (`id_ajar`),
  ADD KEY `id_reg_ptk` (`id_reg_ptk`),
  ADD KEY `id_kls` (`id_kls`);

--
-- Indexes for table `dosen`
--
ALTER TABLE `dosen`
  ADD PRIMARY KEY (`id_ptk`);

--
-- Indexes for table `dosen_pt`
--
ALTER TABLE `dosen_pt`
  ADD PRIMARY KEY (`id_reg_ptk`),
  ADD KEY `id_ptk` (`id_ptk`);

--
-- Indexes for table `jadwal`
--
ALTER TABLE `jadwal`
  ADD PRIMARY KEY (`id_jadwal`);

--
-- Indexes for table `jurusan`
--
ALTER TABLE `jurusan`
  ADD PRIMARY KEY (`id_jur`);

--
-- Indexes for table `kelas_kuliah`
--
ALTER TABLE `kelas_kuliah`
  ADD PRIMARY KEY (`id_kls`),
  ADD KEY `id_smt` (`id_smt`,`id_mk`),
  ADD KEY `id_mk` (`id_mk`);

--
-- Indexes for table `kuliah`
--
ALTER TABLE `kuliah`
  ADD PRIMARY KEY (`id_kuliah`),
  ADD KEY `id_smt` (`id_smt`),
  ADD KEY `id_jur` (`id_jur`),
  ADD KEY `id_reg_pd` (`id_reg_pd`);

--
-- Indexes for table `mahasiswa`
--
ALTER TABLE `mahasiswa`
  ADD PRIMARY KEY (`id_pd`);

--
-- Indexes for table `mahasiswa_pt`
--
ALTER TABLE `mahasiswa_pt`
  ADD PRIMARY KEY (`id_reg_pd`),
  ADD KEY `id_pd` (`id_pd`);

--
-- Indexes for table `mata_kuliah`
--
ALTER TABLE `mata_kuliah`
  ADD PRIMARY KEY (`id_mk`);

--
-- Indexes for table `ruangan`
--
ALTER TABLE `ruangan`
  ADD PRIMARY KEY (`id_ruangan`);

--
-- Indexes for table `semester`
--
ALTER TABLE `semester`
  ADD PRIMARY KEY (`id_smt`);

--
-- Indexes for table `user`
--
ALTER TABLE `user`
  ADD PRIMARY KEY (`id_user`);

--
-- AUTO_INCREMENT for dumped tables
--

--
-- AUTO_INCREMENT for table `kuliah`
--
ALTER TABLE `kuliah`
  MODIFY `id_kuliah` int(11) NOT NULL AUTO_INCREMENT, AUTO_INCREMENT=26;

--
-- AUTO_INCREMENT for table `user`
--
ALTER TABLE `user`
  MODIFY `id_user` int(1) NOT NULL AUTO_INCREMENT, AUTO_INCREMENT=3;

--
-- Constraints for dumped tables
--

--
-- Constraints for table `mahasiswa_pt`
--
ALTER TABLE `mahasiswa_pt`
  ADD CONSTRAINT `mahasiswa_pt_ibfk_1` FOREIGN KEY (`id_pd`) REFERENCES `mahasiswa` (`id_pd`);
COMMIT;

/*!40101 SET CHARACTER_SET_CLIENT=@OLD_CHARACTER_SET_CLIENT */;
/*!40101 SET CHARACTER_SET_RESULTS=@OLD_CHARACTER_SET_RESULTS */;
/*!40101 SET COLLATION_CONNECTION=@OLD_COLLATION_CONNECTION */;
